{"_timestamp":1.729856773826207e+09,"_runtime":276.798281,"_step":999,"_wandb":{"runtime":276},"Epoch":1000,"Training loss":0.42645214091647754,"Validation loss":0.4421362578868866}