{"Epoch":1000,"_wandb":{"runtime":310},"Training loss":0.4011878019029444,"Validation loss":0.40400373935699463,"_timestamp":1.72984619191029e+09,"_runtime":310.836385,"_step":999}