{"Epoch":1000,"Training loss":0.4151453249984317,"Validation loss":0.45350200186173123,"_timestamp":1.7298640151067426e+09,"_runtime":61.4254119,"_wandb":{"runtime":61},"_step":999}