{"_wandb":{"runtime":299},"_step":999,"Epoch":1000,"Training loss":0.387549029155211,"Validation loss":0.398804247379303,"_timestamp":1.7298452189663243e+09,"_runtime":299.3879999}