{"_wandb":{"runtime":69},"Epoch":1000,"Training loss":0.42174824078877765,"Validation loss":0.46646174043416977,"_timestamp":1.729864839709735e+09,"_runtime":69.3401099,"_step":999}