{"_step":999,"Epoch":1000,"_wandb":{"runtime":77},"Training loss":0.4155867245462206,"Validation loss":0.4518306056658427,"_timestamp":1.7298647195069318e+09,"_runtime":66.0845224}