{"_timestamp":1.7298466087341955e+09,"_runtime":345.1235429,"_step":999,"Epoch":1000,"_wandb":{"runtime":345},"Training loss":0.3926455929423823,"Validation loss":0.4054848253726959}