{"_step":999,"Epoch":1000,"_wandb":{"runtime":62},"Training loss":0.41761058105362786,"Validation loss":0.46424946809808415,"_timestamp":1.729865843128157e+09,"_runtime":62.0610857}