{"_step":999,"Epoch":1000,"Training loss":0.40802138140707306,"Validation loss":0.40359506011009216,"_wandb":{"runtime":289},"_timestamp":1.7298563704850829e+09,"_runtime":289.4422829}