{"_step":999,"_wandb":{"runtime":302},"Epoch":1000,"Training loss":0.3751551761771693,"Validation loss":0.42125895619392395,"_timestamp":1.7298443378983223e+09,"_runtime":302.4578915}