{"Training loss":0.4207600639926063,"_wandb":{"runtime":59},"Validation loss":0.45518165702621144,"_timestamp":1.7298638859482992e+09,"_runtime":59.0829574,"_step":999,"Epoch":1000}