{"_step":999,"_wandb":{"runtime":261},"Epoch":1000,"Training loss":0.5474080813653541,"Validation loss":0.5447443723678589,"_timestamp":1.7298513012124221e+09,"_runtime":261.900659}