{"Epoch":1000,"Training loss":0.38191903179342096,"Validation loss":0.42224812507629395,"_timestamp":1.729845808254263e+09,"_runtime":286.6108244,"_step":999,"_wandb":{"runtime":286}}