{"Validation loss":0.4330432713031769,"_timestamp":1.7298575656774864e+09,"_wandb":{"runtime":479},"_runtime":287.3320257,"_step":999,"Epoch":1000,"Training loss":0.41283831000328064}