{"_wandb":{"runtime":60},"Epoch":1000,"Training loss":0.41745148797829945,"Validation loss":0.5349362815419832,"_timestamp":1.7298650120144172e+09,"_runtime":60.8610931,"_step":999}