{"Training loss":0.589661795563168,"Validation loss":0.5678316031893095,"_wandb":{"runtime":64},"_timestamp":1.729864929371808e+09,"_runtime":64.6523891,"_step":999,"Epoch":1000}