{"_wandb":{"runtime":313},"Validation loss":0.40566712617874146,"_timestamp":1.7298598077705057e+09,"_runtime":300.4571856,"_step":999,"Epoch":1000,"Training loss":0.41212139617313037}