{"Epoch":1000,"Training loss":0.4283612367179659,"Validation loss":0.38865865394473076,"_timestamp":1.7298638241692882e+09,"_runtime":59.0461811,"_step":999,"_wandb":{"runtime":59}}