{"Validation loss":0.42761000990867615,"_timestamp":1.729855865696634e+09,"_runtime":285.0706733,"_step":999,"_wandb":{"runtime":285},"Epoch":1000,"Training loss":0.39963733517762384}