{"_runtime":1.0312171,"_step":0,"Epoch":1,"Training loss":4.400073607762654,"Validation loss":4.034023761749268,"_wandb":{"runtime":13},"_timestamp":1.7298572495879662e+09}