{"Training loss":0.412690899588845,"_wandb":{"runtime":282},"Validation loss":0.43452244997024536,"_timestamp":1.7298592493335912e+09,"_runtime":282.3598174,"_step":999,"Epoch":1000}