{"_runtime":65.9967889,"_step":999,"Epoch":1000,"_wandb":{"runtime":78},"Training loss":0.41518054968780943,"Validation loss":0.4767690959076087,"_timestamp":1.729864491944251e+09}