{"Epoch":1000,"Training loss":0.4181920417480999,"Validation loss":0.39398226141929626,"_timestamp":1.7298646194921253e+09,"_runtime":60.7271428,"_step":999,"_wandb":{"runtime":91}}