{"Validation loss":0.37518852949142456,"_timestamp":1.729844860530965e+09,"_runtime":287.1296185,"_step":999,"_wandb":{"runtime":287},"Epoch":1000,"Training loss":0.3737357430385821}