{"_timestamp":1.7298585424792829e+09,"_runtime":271.480652,"_step":999,"Epoch":1000,"_wandb":{"runtime":693},"Training loss":0.4108402638724356,"Validation loss":0.4242819845676422}