{"_runtime":329.9204702,"_step":999,"_wandb":{"runtime":329},"Epoch":1000,"Training loss":0.39036897908557544,"Validation loss":0.38355401158332825,"_timestamp":1.7290384887870963e+09}